Product Name,Prices,Description,Reviews
"Samsung Galaxy S24 5G (Onyx Black, 128 GB)","₹49,999","8 GB RAM | 128 GB ROM
15.75 cm (6.2 inch) Full HD+ Display
50MP + 10MP + 12MP | 12MP Front Camera
4000 mAh Battery
Exynos 2400 Processor
1 Year Manufacturer Warranty for Device and 6 Months for In-Box Accessories",4.6
"Samsung Galaxy S24 FE 5G (Mint, 256 GB)","₹45,999","8 GB RAM | 256 GB ROM
17.02 cm (6.7 inch) Full HD+ Display
50MP + 12MP | 10MP Front Camera
4700 mAh Battery
Exynos 2400e Processor
1 Year Manufacturer Warranty for Device and 6 Months for In-Box Accessories",4.5
"REDMI Note-14 Pro 5G (Phantom Purple, 128 GB)","₹23,449","8 GB RAM | 128 GB ROM
16.94 cm (6.67 inch) Display
50MP + 8MP + 2MP | 20MP Front Camera
5500 mAh Battery
Dimensity 7300 Ultra Processor
1 Year Manufacturer Warranty for Phone and 6 Months Warranty for In the Box Accessories",4.3
"REDMI Note 14 Pro 5G (Titan Black, 256 GB)","₹24,999","8 GB RAM | 256 GB ROM
16.94 cm (6.67 inch) Display
50MP + 8MP + 2MP | 20MP Front Camera
5500 mAh Battery
Dimensity 7300 Ultra Processor
1 Year Manufacturer Warranty for Phone and 6 Months Warranty for In the Box Accessories",4.3
"vivo T4 Ultra 5G (Meteor Grey, 512 GB)","₹41,999","12 GB RAM | 512 GB ROM
16.94 cm (6.67 inch) Full HD+ AMOLED Display
50MP + 8MP + 50MP Periscope | 32MP Front Camera
5500 mAh Battery
Dimensity 9300+ Processor
1 Year Warranty on the Product and 6 Months Warranty on Inbox Accessories",4.5
"Samsung Galaxy A55 5G (Awesome Navy, 256 GB)","₹35,985","12 GB RAM | 256 GB ROM | Expandable Upto 1 TB
16.76 cm (6.6 inch) Full HD+ Display
50MP + 12MP + 5MP | 32MP Front Camera
5000 mAh Battery
Samsung Exynos 1480 Processor
1 Year Manufacturer Warranty for Device and 6 Months for In-Box Accessories",4.3
"REDMI Note 14 Pro+ 5G (Titan Black, 128 GB)","₹27,999","8 GB RAM | 128 GB ROM
16.94 cm (6.67 inch) Display
50MP + 50MP + 8MP | 20MP Front Camera
6200 mAh Battery
7s Gen 3 Processor
1 Year Manufacturer Warranty for Phone and 6 Months Warranty for In the Box Accessories",4.3
"vivo T3 Ultra (Frost Green, 256 GB)","₹31,999","12 GB RAM | 256 GB ROM
17.22 cm (6.78 inch) Display
50MP + 8MP | 50MP Front Camera
5500 mAh Battery
Dimensity 9200+ Processor
1 Year Warranty on Handset and 6 Months Warranty on Accessories",4.5
"vivo V30 Pro 5G (Classic Black, 256 GB)","₹36,999","8 GB RAM | 256 GB ROM
17.22 cm (6.78 inch) Full HD+ Display
50MP + 50MP + 50MP | 50MP Front Camera
5000 mAh Battery
Dimensity 8200 5G Processor
1 Year Manufacturer Warranty for Device and 6 Months Manufacturer Warranty for Inbox Accessories",4.5
"vivo T4 Ultra 5G (Phoenix Gold, 512 GB)","₹41,999","12 GB RAM | 512 GB ROM
16.94 cm (6.67 inch) Full HD+ AMOLED Display
50MP + 8MP + 50MP Periscope | 32MP Front Camera
5500 mAh Battery
Dimensity 9300+ Processor
1 Year Warranty on the Product and 6 Months Warranty on Inbox Accessories",4.5
"Apple iPhone 13 (Blue, 128 GB)","₹44,999","128 GB ROM
15.49 cm (6.1 inch) Super Retina XDR Display
12MP + 12MP | 12MP Front Camera
A15 Bionic Chip Processor
1 year warranty for phone and 1 year warranty for in Box Accessories.",4.6
"Xiaomi 14 CIVI (Cruise Blue, 256 GB)","₹36,999","8 GB RAM | 256 GB ROM
16.64 cm (6.55 inch) Display
50MP Rear Camera | 32MP + 32MP Dual Front Camera
4700 mAh Battery
8s Gen 3 Mobile Platform Processor
1 Year Manufacturer Warranty for Phone and 6 Months Warranty for In the Box Accessories",4.3
"MOTOROLA Razr 60 (PANTONE Gibraltar Sea, 256 GB)","₹49,999","8 GB RAM | 256 GB ROM
17.53 cm (6.9 inch) Full HD+ Display
50MP + 13MP | 32MP Front Camera
4500 mAh Battery
Dimensity 7400X Processor
1 Year Warranty on Handset and 6 Months Warranty on Accessories",4.5
"Google Pixel 9A (Porcelain, 256 GB)","₹49,999","8 GB RAM | 256 GB ROM
15.96 cm (6.285 inch) Full HD+ Display
48MP + 12MP | 12MP Front Camera
5100 mAh Battery
Tensor G4 Processor
1 Year Domestic Warranty",4.4
"Google Pixel 9A (Iris, 256 GB)","₹49,999","8 GB RAM | 256 GB ROM
15.96 cm (6.285 inch) Full HD+ Display
48MP + 12MP | 12MP Front Camera
5100 mAh Battery
Tensor G4 Processor
1 Year Domestic Warranty",4.4
"OPPO Reno14 Pro 5G (Pearl White, 256 GB)","₹49,999","12 GB RAM | 256 GB ROM
17.35 cm (6.83 inch) Full HD+ Display
50MP + 50MP + 50MP | 50MP Front Camera
6200 mAh Battery
Dimensity 8450 Processor
1 Year Manufacturer Warranty for Device and 6 Months Manufacturer Warranty for Inbox Accessories",4.5
"OnePlus 11 5G (Eternal Green, 128 GB)","₹35,999","8 GB RAM | 128 GB ROM
17.02 cm (6.7 inch) Display
50MP Rear Camera | 16MP Front Camera
5000 mAh Battery
domestic warranty of 12 months on phone & 6 months on accessories",4.4
"Samsung Galaxy S22 Plus 5G (Phantom White, 128 GB)","₹44,999","8 GB RAM | 128 GB ROM
16.76 cm (6.6 inch) Full HD+ Display
50MP + 12MP + 10MP | 10MP Front Camera
4500 mAh Lithium-ion Battery
Qualcomm Snapdragon 8 Gen 1 Processor
1 Year Manufacturer Warranty for Device and 6 Months Manufacturer Warranty for In-Box Accessories",4.4
"Google Pixel 8a (Obsidian, 256 GB)","₹44,999","8 GB RAM | 256 GB ROM
15.49 cm (6.1 inch) Full HD+ Display
64MP + 13MP | 13MP Front Camera
4404 mAh Battery
Tensor G3 Processor
1 Year Domestic Warranty",4.3
"vivo V40 Pro 5G (Ganges Blue, 256 GB)","₹41,999","8 GB RAM | 256 GB ROM
17.22 cm (6.78 inch) Full HD+ Display
50MP + 50MP + 50MP | 50MP Front Camera
5500 mAh Battery
Dimensity 9200+ Processor
1 Year Warranty on Handset and 6 Months Warranty on Accessories",4.4
"vivo V40 Pro 5G (Titanium Grey, 256 GB)","₹42,969","8 GB RAM | 256 GB ROM
17.22 cm (6.78 inch) Full HD+ Display
50MP + 50MP + 50MP | 50MP Front Camera
5500 mAh Battery
Dimensity 9200+ Processor
1 Year Warranty on Handset and 6 Months Warranty on Accessories",4.4
"Samsung Galaxy A36 5G (Awesome Black, 256 GB)","₹36,999","12 GB RAM | 256 GB ROM
17.02 cm (6.7 inch) Full HD+ Display
50MP + 8MP | 12MP Front Camera
5000 mAh Battery
Qualcomm Snapdragon 6 Gen 3 Processor
1 Year Manufacturer Warranty for Device and 6 Months for In-Box Accessories",4.3
"MOTOROLA razr 40 Ultra (INFINITE BLACK, 256 GB)","₹49,999","8 GB RAM | 256 GB ROM
17.53 cm (6.9 inch) Display
32MP Rear Camera
3800 mAh Battery
Brand Warranty of 1 Year Available for Mobile and 6 Months for Accessories",4.1
"Samsung Galaxy S23 FE (Mint, 128 GB)","₹34,999","8 GB RAM | 128 GB ROM
16.26 cm (6.4 inch) Full HD+ Display
50MP + 12MP | 10MP Front Camera
4500 mAh Battery
Samsung Exynos 2200 Processor
1 Year Manufacturer Warranty for Device and 6 Months for In-Box Accessories",4.4
,"₹45,999",,4.5
,"₹35,985",,5
,"₹36,999",,5
,"₹31,999",,4.3
,"₹49,999",,5
,,,4
,,,4.3
,,,4
,,,5
,,,4.5
,,,5
,,,5
,,,4.5
,,,4
,,,1
"Google Pixel 9A (Obsidian, 256 GB)","₹49,999","8 GB RAM | 256 GB ROM
15.96 cm (6.285 inch) Full HD+ Display
48MP + 12MP | 12MP Front Camera
5100 mAh Battery
Tensor G4 Processor
1 Year Domestic Warranty",4.4
"Samsung Galaxy S23 5G (Green, 256 GB)","₹49,999","8 GB RAM | 256 GB ROM
15.49 cm (6.1 inch) Full HD+ Display
50MP + 10MP + 12MP | 12MP Front Camera
3900 mAh Lithium Ion Battery
Qualcomm Snapdragon 8 Gen 2 Processor
1 Year Manufacturer Warranty for Device and 6 Months Manufacturer Warranty for In-Box Accessories",4.6
"REDMI Note-14 Pro 5G (Phantom Purple, 128 GB)","₹23,449","8 GB RAM | 128 GB ROM
16.94 cm (6.67 inch) Display
50MP + 8MP + 2MP | 20MP Front Camera
5500 mAh Battery
Dimensity 7300 Ultra Processor
1 Year Manufacturer Warranty for Phone and 6 Months Warranty for In the Box Accessories",4.3
"REDMI Note 14 Pro 5G (Titan Black, 256 GB)","₹24,999","8 GB RAM | 256 GB ROM
16.94 cm (6.67 inch) Display
50MP + 8MP + 2MP | 20MP Front Camera
5500 mAh Battery
Dimensity 7300 Ultra Processor
1 Year Manufacturer Warranty for Phone and 6 Months Warranty for In the Box Accessories",4.3
"Samsung Galaxy A54 5G (Awesome Lime, 256 GB)","₹33,299","8 GB RAM | 256 GB ROM | Expandable Upto 1 TB
16.26 cm (6.4 inch) Full HD+ Display
50MP + 12MP + 5MP | 32MP Front Camera
5000 mAh Battery
Exynos 1380, Octa Core Processor
1 Year Manufacturer Warranty for Device and 6 Months Manufacturer Warranty for In-Box Accessories",4.3
"Samsung Galaxy S23 5G (Phantom Black, 128 GB)","₹44,999","8 GB RAM | 128 GB ROM
15.49 cm (6.1 inch) Full HD+ Display
50MP + 10MP + 12MP | 12MP Front Camera
3900 mAh Lithium Ion Battery
Qualcomm Snapdragon 8 Gen 2 Processor
1 Year Manufacturer Warranty for Device and 6 Months Manufacturer Warranty for In-Box Accessories",4.6
"Motorola Edge 50 Ultra 5G (Peach Fuzz, 512 GB)","₹44,999","12 GB RAM | 512 GB ROM
17.02 cm (6.7 inch) Display
50MP + 50MP + 64MP | 50MP Front Camera
4500 mAh Battery
8s Gen 3 Mobile Platform Processor
1 Year on Handset and 6 Months on Accessories",4.3
"Samsung Galaxy S24 5G (Marble Gray, 128 GB)","₹49,999","8 GB RAM | 128 GB ROM
15.75 cm (6.2 inch) Full HD+ Display
50MP + 10MP + 12MP | 12MP Front Camera
4000 mAh Battery
Exynos 2400 Processor
1 Year Manufacturer Warranty for Device and 6 Months for In-Box Accessories",4.6
"REDMI Note 14 Pro+ 5G (Titan Black, 128 GB)","₹27,999","8 GB RAM | 128 GB ROM
16.94 cm (6.67 inch) Display
50MP + 50MP + 8MP | 20MP Front Camera
6200 mAh Battery
7s Gen 3 Processor
1 Year Manufacturer Warranty for Phone and 6 Months Warranty for In the Box Accessories",4.3
"Xiaomi 14 CIVI (Panda White, 512 GB)","₹39,999","12 GB RAM | 512 GB ROM
16.64 cm (6.55 inch) Display
50MP Rear Camera | 32MP + 32MP Dual Front Camera
4700 mAh Battery
8s Gen 3 Mobile Platform Processor
1 Year Manufacturer Warranty for Phone and 6 Months Warranty for In the Box Accessories",4.4
"vivo V40 5G (Lotus Purple, 256 GB)","₹35,999","8 GB RAM | 256 GB ROM
17.22 cm (6.78 inch) Full HD+ Display
50MP + 50MP | 50MP Front Camera
5500 mAh Battery
Snapdragon 7 Gen 3 Processor
1 Year Warranty on Handset and 6 Months Warranty on Accessories",4.5
"vivo V30 Pro 5G (Andaman Blue, 256 GB)","₹46,999","8 GB RAM | 256 GB ROM
17.22 cm (6.78 inch) Full HD+ Display
50MP + 50MP + 50MP | 50MP Front Camera
5000 mAh Battery
Dimensity 8200 5G Processor
1 Year Manufacturer Warranty for Device and 6 Months Manufacturer Warranty for Inbox Accessories",4.5
"Samsung Galaxy S24 5G (Cobalt Violet, 128 GB)","₹49,999","8 GB RAM | 128 GB ROM
15.75 cm (6.2 inch) Full HD+ Display
50MP + 10MP + 12MP | 12MP Front Camera
4000 mAh Battery
Exynos 2400 Processor
1 Year Manufacturer Warranty for Device and 6 Months for In-Box Accessories",4.6
"vivo V40 5G (Lotus Purple, 512 GB)","₹42,999","12 GB RAM | 512 GB ROM
17.22 cm (6.78 inch) Full HD+ Display
50MP + 50MP | 50MP Front Camera
5500 mAh Battery
Snapdragon 7 Gen 3 Processor
1 Year Warranty on Handset and 6 Months Warranty on Accessories",4.6
"OPPO Reno 12 Pro 5G (Sunset Gold, 512 GB)","₹40,999","12 GB RAM | 512 GB ROM | Expandable Upto 1 TB
17.02 cm (6.7 inch) Full HD+ Display
50MP + 8MP + 50MP | 50MP Front Camera
5000 mAh Battery
Dimensity 7300 Energy Processor
1 Year Manufacturer Warranty for Device and 6 Months Manufacturer Warranty for Inbox Accessories",4.4
"Xiaomi 14 CIVI (Aqua Blue, 512 GB)","₹39,999","12 GB RAM | 512 GB ROM
16.64 cm (6.55 inch) Display
50MP Rear Camera | 32MP + 32MP Dual Front Camera
4700 mAh Battery
8s Gen 3 Mobile Platform Processor
1 Year Manufacturer Warranty for Phone and 6 Months Warranty for In the Box Accessories",4.4
"Infinix Zero Flip 5G (Rock Black, 512 GB)","₹44,999","8 GB RAM | 512 GB ROM
17.53 cm (6.9 inch) Full HD+ Display
50MP + 50MP | 50MP Front Camera
4720 mAh Lithium-ion Polymer Battery
Dimensity 8020 Processor
Standard 1 Year on Handset and 6 Months on Accessories. Physical and Liquid Damange Not Covered Under The Standard Warranty.",4.2
"Samsung Galaxy S23 5G (Green, 128 GB)","₹44,999","8 GB RAM | 128 GB ROM
15.49 cm (6.1 inch) Full HD+ Display
50MP + 10MP + 12MP | 12MP Front Camera
3900 mAh Lithium Ion Battery
Qualcomm Snapdragon 8 Gen 2 Processor
1 Year Manufacturer Warranty for Device and 6 Months Manufacturer Warranty for In-Box Accessories",4.6
"OPPO Reno10 Pro 5G (Glossy Purple, 256 GB)","₹37,999","12 GB RAM | 256 GB ROM
17.02 cm (6.7 inch) Full HD+ Display
50MP + 32MP + 8MP | 32MP Front Camera
4600 mAh Battery
Snapdragon 778G 5G Processor
1 Year Manufacturer Warranty for Phone and 6 Months Warranty for In the Box Accessories",4.3
"Xiaomi 14 CIVI (Hot Pink, 512 GB)","₹39,999","12 GB RAM | 512 GB ROM
16.64 cm (6.55 inch) Display
50MP Rear Camera | 32MP + 32MP Dual Front Camera
4700 mAh Battery
8s Gen 3 Mobile Platform Processor
1 Year Manufacturer Warranty for Phone and 6 Months Warranty for In the Box Accessories",4.4
"Samsung Galaxy Z Flip7 5G (Jetblack, 512 GB)","₹1,21,999","12 GB RAM | 512 GB ROM
17.53 cm (6.9 inch) Full HD+ Display
50MP + 12MP | 10MP Front Camera
4300 mAh Battery
Exynos 2500 Processor
1 Year Manufacturer Warranty for Device and 6 Months for In-Box Accessories",4.3
"Samsung Galaxy S23 5G (Phantom Black, 256 GB)","₹49,999","8 GB RAM | 256 GB ROM
15.49 cm (6.1 inch) Full HD+ Display
50MP + 10MP + 12MP | 12MP Front Camera
3900 mAh Lithium Ion Battery
Qualcomm Snapdragon 8 Gen 2 Processor
1 Year Manufacturer Warranty for Device and 6 Months Manufacturer Warranty for In-Box Accessories",4.6
"OPPO Reno 12 Pro 5G (Space Brown, 512 GB)","₹34,999","12 GB RAM | 512 GB ROM | Expandable Upto 1 TB
17.02 cm (6.7 inch) Full HD+ Display
50MP + 8MP + 50MP | 50MP Front Camera
5000 mAh Battery
Dimensity 7300 Energy Processor
1 Year Manufacturer Warranty for Device and 6 Months Manufacturer Warranty for Inbox Accessories",4.4
"vivo V40 5G (Ganges Blue, 512 GB)","₹42,999","12 GB RAM | 512 GB ROM
17.22 cm (6.78 inch) Full HD+ Display
50MP + 50MP | 50MP Front Camera
5500 mAh Battery
Snapdragon 7 Gen 3 Processor
1 Year Warranty on Handset and 6 Months Warranty on Accessories",4.6
,"₹42,999",,4.6
,"₹27,999",,4
,"₹35,999",,1
,"₹49,999",,4.3
,"₹46,999",,5
,,,5
,,,4.5
,,,5
,,,5
,,,4.4
,,,5
,,,5
,,,4.5
,,,5
,,,5
"Samsung Galaxy S21 FE 5G with Snapdragon 888 (Olive, 128 GB)","₹45,999","8 GB RAM | 128 GB ROM
16.26 cm (6.4 inch) Full HD+ Display
12MP + 12MP + 8MP (OIS) | 32MP Front Camera
4500 mAh Lithium-ion Battery
Snapdragon 888 Processor
1 Year Manufacturer Warranty for Device and 6 Months Manufacturer Warranty for In-Box Accessories",4.3
"Samsung Galaxy S23 5G (Cream, 128 GB)","₹44,999","8 GB RAM | 128 GB ROM
15.49 cm (6.1 inch) Full HD+ Display
50MP + 10MP + 12MP | 12MP Front Camera
3900 mAh Lithium Ion Battery
Qualcomm Snapdragon 8 Gen 2 Processor
1 Year Manufacturer Warranty for Device and 6 Months Manufacturer Warranty for In-Box Accessories",4.6
"Infinix Zero Flip 5G (Blossom Glow, 512 GB)","₹44,999","8 GB RAM | 512 GB ROM
17.53 cm (6.9 inch) Full HD+ Display
50MP + 50MP | 50MP Front Camera
4720 mAh Lithium-ion Polymer Battery
Dimensity 8020 Processor
Standard 1 Year on Handset and 6 Months on Accessories. Physical and Liquid Damange Not Covered Under The Standard Warranty.",4.2
"vivo X90 (Breeze Blue, 256 GB)","₹53,999","12 GB RAM | 256 GB ROM
17.22 cm (6.78 inch) Full HD+ Display
50MP + 12MP + 12MP | 32MP Front Camera
4810 mAh Battery
Dimensity 9200 Processor
1 Year Handset and 6 Months Accessories",4.3
"REDMI Note-14 Pro 5G (Phantom Purple, 128 GB)","₹23,449","8 GB RAM | 128 GB ROM
16.94 cm (6.67 inch) Display
50MP + 8MP + 2MP | 20MP Front Camera
5500 mAh Battery
Dimensity 7300 Ultra Processor
1 Year Manufacturer Warranty for Phone and 6 Months Warranty for In the Box Accessories",4.3
"REDMI Note 14 Pro 5G (Titan Black, 256 GB)","₹24,999","8 GB RAM | 256 GB ROM
16.94 cm (6.67 inch) Display
50MP + 8MP + 2MP | 20MP Front Camera
5500 mAh Battery
Dimensity 7300 Ultra Processor
1 Year Manufacturer Warranty for Phone and 6 Months Warranty for In the Box Accessories",4.3
"vivo V40 5G (Titanium Grey, 512 GB)","₹44,058","12 GB RAM | 512 GB ROM
17.22 cm (6.78 inch) Full HD+ Display
50MP + 50MP | 50MP Front Camera
5500 mAh Battery
Snapdragon 7 Gen 3 Processor
1 Year Warranty on Handset and 6 Months Warranty on Accessories",4.6
"vivo X80 (Cosmic Black, 128 GB)","₹43,670","8 GB RAM | 128 GB ROM
17.22 cm (6.78 inch) Full HD+ Display
50MP + 12MP + 12MP | 32MP Front Camera
4500 mAh Lithium Battery
Mediatek Dimensity 9000 Processor
1 Year on Handset and 6 Months on Accessories",4.4
"REDMI Note 14 Pro+ 5G (Titan Black, 128 GB)","₹27,999","8 GB RAM | 128 GB ROM
16.94 cm (6.67 inch) Display
50MP + 50MP + 8MP | 20MP Front Camera
6200 mAh Battery
7s Gen 3 Processor
1 Year Manufacturer Warranty for Phone and 6 Months Warranty for In the Box Accessories",4.3
"Samsung Galaxy S21 FE 5G (Olive Green, 128 GB)","₹39,999","8 GB RAM | 128 GB ROM
16.26 cm (6.4 inch) Full HD+ Display
12MP + 12MP + 8MP (OIS) | 32MP Front Camera
4500 mAh Lithium-ion Battery
1 Year Manufacturer Warranty for Device and 6 Months Manufacturer Warranty for In-Box Accessories",4.3
"Samsung Galaxy A54 5G (Awesome Graphite, 256 GB)","₹34,999","8 GB RAM | 256 GB ROM | Expandable Upto 1 TB
16.26 cm (6.4 inch) Full HD+ Display
50MP + 12MP + 5MP | 32MP Front Camera
5000 mAh Battery
Exynos 1380, Octa Core Processor
1 Year Manufacturer Warranty for Device and 6 Months Manufacturer Warranty for In-Box Accessories",4.3
"Google Pixel 6a (Chalk, 128 GB)","₹41,219","6 GB RAM | 128 GB ROM
15.6 cm (6.14 inch) Full HD+ Display
12.2MP + 12MP | 8MP Front Camera
4410 mAh Battery
Google Tensor Processor
1 Year Brand Warranty",4.3
"OPPO Reno13 Pro 5G (Mist Lavender, 256 GB)","₹49,999","12 GB RAM | 256 GB ROM
17.35 cm (6.83 inch) Display
50MP + 50MP + 8MP | 50MP Front Camera
5800 mAh Battery
Dimensity 8350 Processor
1 Year Warranty on Handset and 6 Months Warranty on Accessories",4.5
"Samsung Galaxy S23 5G (Lavender, 256 GB)","₹49,999","8 GB RAM | 256 GB ROM
15.49 cm (6.1 inch) Full HD+ Display
50MP + 10MP + 12MP | 12MP Front Camera
3900 mAh Lithium Ion Battery
Qualcomm Snapdragon 8 Gen 2 Processor
1 Year Manufacturer Warranty for Device and 6 Months Manufacturer Warranty for In-Box Accessories",4.6
"Samsung Galaxy S21 FE 5G with Snapdragon 888 (Graphite, 128 GB)","₹45,999","8 GB RAM | 128 GB ROM
16.26 cm (6.4 inch) Full HD+ Display
12MP + 12MP + 8MP (OIS) | 32MP Front Camera
4500 mAh Lithium-ion Battery
Snapdragon 888 Processor
1 Year Manufacturer Warranty for Device and 6 Months Manufacturer Warranty for In-Box Accessories",4.3
"vivo X90 (Asteroid Black, 256 GB)","₹53,999","8 GB RAM | 256 GB ROM
17.22 cm (6.78 inch) Full HD+ Display
50MP + 12MP + 12MP | 32MP Front Camera
4810 mAh Battery
Dimensity 9200 Processor
1 Year Handset and 6 Months Accessories",4.4
"Samsung Galaxy S7 (Gold Platinum, 32 GB)","₹46,000","4 GB RAM | 32 GB ROM | Expandable Upto 200 GB
12.95 cm (5.1 inch) Quad HD Display
12MP Rear Camera | 5MP Front Camera
3000 mAh Li-Ion Battery
Exynos 8890 Octa Core 2.3GHz Processor
Brand Warranty of 1 Year Available for Mobile and 6 Months for Accessories",4.4
"Google Pixel 8 (Rose, 128 GB)","₹44,999","8 GB RAM | 128 GB ROM
15.75 cm (6.2 inch) Full HD+ Display
50MP + 12MP | 10.5MP Front Camera
4575 mAh Battery
Tensor G3 Processor
1 Year Domestic Warranty",4.4
"Apple iPhone 11 (Black, 64 GB)","₹43,900","64 GB ROM
15.49 cm (6.1 inch) Liquid Retina HD Display
12MP + 12MP | 12MP Front Camera
A13 Bionic Chip Processor
1 year warranty for phone and 1 year warranty for in Box Accessories.",4.6
"Samsung Galaxy Z Flip7 FE 5G (Black, 128 GB)","₹89,999","8 GB RAM | 128 GB ROM
17.02 cm (6.7 inch) Full HD+ Display
50MP + 12MP | 10MP Front Camera
4000 mAh Battery
Exynos 2400 Processor
1 Year Manufacturer Warranty for Device and 6 Months for In-Box Accessories",4.2
"Samsung Galaxy A73 5G (Awesome Mint, 256 GB)","₹44,999","8 GB RAM | 256 GB ROM | Expandable Upto 1 TB
17.02 cm (6.7 inch) Full HD+ Display
108MP + 12MP + 5MP + 5MP | 32MP Front Camera
5000 mAh Li-ion Battery
Qualcomm Snapdragon 778G Processor
1 Year Manufacturer Warranty for Device and 6 Months Manufacturer Warranty for In-Box",4.2
"OnePlus 10 Pro 5G (Emerald Forest, 128 GB)","₹42,999","8 GB RAM | 128 GB ROM
17.02 cm (6.7 inch) Display
48MP Rear Camera
5000 mAh Battery
1 year manufacturer warranty for device and 6 months manufacturer warranty for in-box accessories including batteries from the date of purchase",4.3
"Samsung Galaxy S21 FE 5G with Snapdragon 888 (Navy, 128 GB)","₹45,999","8 GB RAM | 128 GB ROM
16.26 cm (6.4 inch) Full HD+ Display
12MP + 12MP + 8MP (OIS) | 32MP Front Camera
4500 mAh Lithium-ion Battery
Snapdragon 888 Processor
1 Year Manufacturer Warranty for Device and 6 Months Manufacturer Warranty for In-Box Accessories",4.1
"Xiaomi 12 Pro 5G (Noir Black, 256 GB)","₹38,599","12 GB RAM | 256 GB ROM
17.09 cm (6.73 inch) Full HD+ Display
50MP + 50MP + 50MP | 32MP Front Camera
4600 mAh Lithium Polymer Battery
Snapdragon 8 Gen 1 Processor
1 Year Manufacturer Warranty for Phone and 6 Months Warranty for In the Box Accessories",4.2
,"₹44,999",,5
,"₹44,999",,1
,"₹38,599",,4.4
,"₹34,999",,5
,"₹41,219",,1
,,,4.1
,,,5
,,,5
,,,4.3
,,,5
,,,4
,,,4.3
,,,4
,,,4
"REDMI Note-14 Pro 5G (Phantom Purple, 128 GB)","₹23,449","8 GB RAM | 128 GB ROM
16.94 cm (6.67 inch) Display
50MP + 8MP + 2MP | 20MP Front Camera
5500 mAh Battery
Dimensity 7300 Ultra Processor
1 Year Manufacturer Warranty for Phone and 6 Months Warranty for In the Box Accessories",4.3
"REDMI Note 14 Pro 5G (Titan Black, 256 GB)","₹24,999","8 GB RAM | 256 GB ROM
16.94 cm (6.67 inch) Display
50MP + 8MP + 2MP | 20MP Front Camera
5500 mAh Battery
Dimensity 7300 Ultra Processor
1 Year Manufacturer Warranty for Phone and 6 Months Warranty for In the Box Accessories",4.3
"IQOO 3 (Quantum Silver, 256 GB)","₹40,990","8 GB RAM | 256 GB ROM
16.36 cm (6.44 inch) Full HD+ Display
48MP + 13MP + 13MP + 2MP | 16MP Front Camera
4440 mAh Li-ion Battery
Qualcomm Snapdragon 865 Processor
In-Display Fingerprint Sensor, Monster Touch Buttons
55 W Super Flash Charge
Super AMOLED Display
Brand Warranty of 1 Year Available for Mobile and Accessories",4.5
"Samsung A56 5G (Black, 256 GB)","₹47,999","12 GB RAM | 256 GB ROM
17.02 cm (6.7 inch) Full HD+ Display
50MP + 12MP
5000 mAh Battery
1 Year Manufacturer Warranty for Device and 6 Months for In-Box Accessories",4.3
"REDMI Note 14 Pro+ 5G (Titan Black, 128 GB)","₹27,999","8 GB RAM | 128 GB ROM
16.94 cm (6.67 inch) Display
50MP + 50MP + 8MP | 20MP Front Camera
6200 mAh Battery
7s Gen 3 Processor
1 Year Manufacturer Warranty for Phone and 6 Months Warranty for In the Box Accessories",4.4
"realme GT 7 Pro (Grey, 256 GB)","₹49,999","12 GB RAM | 256 GB ROM
17.22 cm (6.78 inch) Display
50MP Rear Camera
5800 mAh Battery
1 Year",4.4
"IQOO 3 (5G) (Tornado Black, 256 GB)","₹46,990","12 GB RAM | 256 GB ROM
16.36 cm (6.44 inch) Full HD+ Display
48MP + 13MP + 13MP + 2MP | 16MP Front Camera
4440 mAh Li-ion Battery
Qualcomm Snapdragon 865 Processor
In-Display Fingerprint Sensor, Monster Touch Buttons
55 W Super Flash Charge
Super AMOLED Display
Brand Warranty of 1 Year Available for Mobile and Accessories",4.4
"Samsung A36 5G (White, 256 GB)","₹36,999","12 GB RAM | 256 GB ROM
17.02 cm (6.7 inch) Full HD+ Display
50MP + 8MP | 2MP Dual Front Camera
5000 mAh Battery
1 Year Manufacturer Warranty for Device and 6 Months for In-Box Accessories",4.6
"vivo X90 Pro (Legendary Black, 256 GB)","₹59,980","12 GB RAM | 256 GB ROM
17.22 cm (6.78 inch) Full HD+ Display
50MP + 50MP + 12MP | 32MP Front Camera
4870 mAh Battery
Dimensity 9200 Processor
1 Year Handset and 6 Months Accessories",4.5
"Apple iPhone 8 Plus (Gold, 64 GB)","₹49,900","64 GB ROM
13.97 cm (5.5 inch) Retina HD Display
12MP + 12MP | 7MP Front Camera
A11 Bionic Chip with 64-bit Architecture, Neural Engine, Embedded M11 Motion Coprocessor Processor
Brand Warranty of 1 Year",4.2
"OnePlus 12R (Iron Gray, 128 GB)","₹41,499","8 GB RAM | 128 GB ROM
17.22 cm (6.78 inch) Display
50MP Rear Camera
5500 mAh Battery
1 Year Brand Warranty",4.6
"vivo V23 Pro 5G (Sunshine Gold, 256 GB)","₹40,990","12 GB RAM | 256 GB ROM
16.66 cm (6.56 inch) Full HD+ Display
108MP + 8MP + 2MP | 50MP + 8MP Dual Front Camera
4300 mAh Lithium Battery
Mediatek Dimensity 1200 Processor
1 Year Manufacturer Warranty for Phone and 6 Months Warranty for In the Box Accessories",4.6
"OnePlus Nord 5 5G (Dry Ice, 512 GB)","₹48,900","12 GB RAM | 512 GB ROM
17.35 cm (6.83 inch) Display
50MP Rear Camera
6800 mAh Battery
1 Year Warranty",4.6
"Apple iPhone 12 (Red, 64 GB)","₹44,499","64 GB ROM
15.49 cm (6.1 inch) Super Retina XDR Display
12MP + 12MP | 12MP Front Camera
A14 Bionic Chip with Next Generation Neural Engine Processor
Ceramic Shield
Industry-leading IP68 Water Resistance
All Screen OLED Display
12MP TrueDepth Front Camera with Night Mode, 4K Dolby Vision HDR Recording
1 year warranty for phone and 1 year warranty for in Box Accessories.",4.6
"Samsung Galaxy S23 5G (Phantom Black, 128 GB)","₹48,900","8 GB RAM | 128 GB ROM
15.49 cm (6.1 inch) Full HD+ Display
50MP + 10MP + 12MP | 12MP Front Camera
3900 mAh Lithium Ion Battery
Qualcomm Snapdragon 8 Gen 2 Processor
1 Year Manufacturer Warranty for Device and 6 Months Manufacturer Warranty for In-Box Accessories",4.1
"Apple iPhone 11 (Black, 128 GB)","₹36,490","128 GB ROM
15.49 cm (6.1 inch) Liquid Retina HD Display
12MP + 12MP | 12MP Front Camera
A13 Bionic Chip Processor
1 year warranty for phone and 1 year warranty for in Box Accessories.",4.4
"OnePlus 10T 5G (Jade Green, 256 GB)","₹45,999","12 GB RAM | 256 GB ROM
17.02 cm (6.7 inch) Display
50MP Rear Camera
4800 mAh Battery
1 year manufacturer warranty for device and 6 months manufacturer warranty for in-box accessories including batteries from the date of purchase",4.6
"Samsung Galaxy S22 5G (Phantom White, 256 GB)","₹48,900","8 GB RAM | 256 GB ROM
15.49 cm (6.1 inch) Display
50MP Rear Camera
3700 mAh Battery
1 Year Warranty",4.4
"Apple iPhone 12 (Black, 64 GB)","₹51,328","64 GB ROM
15.49 cm (6.1 inch) Super Retina XDR Display
12MP + 12MP | 12MP Front Camera
A14 Bionic Chip with Next Generation Neural Engine Processor
Ceramic Shield
Industry-leading IP68 Water Resistance
All Screen OLED Display
12MP TrueDepth Front Camera with Night Mode, 4K Dolby Vision HDR Recording
1 year warranty for phone and 1 year warranty for in Box Accessories.",4.4
"Samsung Galaxy S22 5G (Phantom Black, 256 GB)","₹52,999","8 GB RAM | 256 GB ROM
15.49 cm (6.1 inch) Display
50MP Rear Camera
3700 mAh Battery
1 Year Warranty",4.6
"Samsung Galaxy S22 5G (Bora Purple, 128 GB)","₹54,900","8 GB RAM | 128 GB ROM
15.49 cm (6.1 inch) Display
50MP Rear Camera
3700 mAh Battery
Snapdragon 8 Gen 1 Processor
1 year on phone & 6 months on accessories",4.6
"Apple iPhone 12 (Black, 128 GB)","₹48,900","128 GB ROM
15.49 cm (6.1 inch) Super Retina XDR Display
12MP + 12MP | 12MP Front Camera
A14 Bionic Chip with Next Generation Neural Engine Processor
Ceramic Shield
Industry-leading IP68 Water Resistance
All Screen OLED Display
12MP TrueDepth Front Camera with Night Mode, 4K Dolby Vision HDR Recording
1 year warranty for phone and 1 year warranty for in Box Accessories.",4.6
"Apple iPhone 11 (Red, 128 GB)","₹69,900","128 GB ROM
15.49 cm (6.1 inch) Liquid Retina HD Display
12MP + 12MP | 12MP Front Camera
A13 Bionic Chip Processor
1 year warranty for phone and 1 year warranty for in Box Accessories.",4.4
"Apple iPhone 14 Plus (Purple, 128 GB)","₹59,980","128 GB ROM
17.02 cm (6.7 inch) Super Retina XDR Display
12MP + 12MP | 12MP Front Camera
A15 Bionic Chip, 6 Core Processor Processor
1 year warranty for phone and 1 year warranty for in Box Accessories.",5
,"₹36,490",,1
,"₹49,999",,4.1
,"₹40,990",,5
,"₹41,499",,4
,,,4.4
,,,5
,,,5
,,,4.5
,,,5
,,,4
,,,4.2
,,,5
,,,1
"REDMI Note-14 Pro 5G (Phantom Purple, 128 GB)","₹23,449","8 GB RAM | 128 GB ROM
16.94 cm (6.67 inch) Display
50MP + 8MP + 2MP | 20MP Front Camera
5500 mAh Battery
Dimensity 7300 Ultra Processor
1 Year Manufacturer Warranty for Phone and 6 Months Warranty for In the Box Accessories",4.3
"REDMI Note 14 Pro 5G (Titan Black, 256 GB)","₹24,999","8 GB RAM | 256 GB ROM
16.94 cm (6.67 inch) Display
50MP + 8MP + 2MP | 20MP Front Camera
5500 mAh Battery
Dimensity 7300 Ultra Processor
1 Year Manufacturer Warranty for Phone and 6 Months Warranty for In the Box Accessories",4.3
"Samsung Galaxy A55 5G (Awesome Iceblue, 128 GB)","₹26,955","8 GB RAM | 128 GB ROM | Expandable Upto 1 TB
16.76 cm (6.6 inch) Full HD+ Display
50MP + 12MP + 5MP | 32MP Front Camera
5000 mAh Battery
Samsung Exynos 1480 Processor
1 Year Manufacturer Warranty for Device and 6 Months for In-Box Accessories",4.4
"MOTOROLA Edge 60 Pro (Pantone Shadow, 512 GB)","₹37,999","16 GB RAM | 512 GB ROM
17.02 cm (6.7 inch) Display
50MP + 50MP + 10MP | 50MP Front Camera
6000 mAh Battery
Dimensity 8350 Processor
1 Year Warranty on Handset and 6 Months Warranty on Accessories",4.5
"Google Pixel 8a (Porcelain, 128 GB)","₹37,999","8 GB RAM | 128 GB ROM
15.49 cm (6.1 inch) Full HD+ Display
64MP + 13MP | 13MP Front Camera
4404 mAh Battery
Tensor G3 Processor
1 Year Domestic Warranty",4.3
"realme 15 Pro 5G (Silk Purple, 256 GB)","₹35,999","12 GB RAM | 256 GB ROM
17.27 cm (6.8 inch) Display
50MP + 50MP | 50MP Front Camera
7000 mAh Battery
Snapdragon 7 Gen 4 Processor
1 Year Manufacturer Warranty for Device and 6 Months Manufacturer Warranty for Inbox Accessories",4.3
"REDMI Note 14 Pro+ 5G (Titan Black, 128 GB)","₹27,999","8 GB RAM | 128 GB ROM
16.94 cm (6.67 inch) Display
50MP + 50MP + 8MP | 20MP Front Camera
6200 mAh Battery
7s Gen 3 Processor
1 Year Manufacturer Warranty for Phone and 6 Months Warranty for In the Box Accessories",4.3
"REDMI Note 14 Pro 5G (Ivy Green, 128 GB)","₹22,999","8 GB RAM | 128 GB ROM
16.94 cm (6.67 inch) Display
50MP + 8MP + 2MP | 20MP Front Camera
5500 mAh Battery
Dimensity 7300 Ultra Processor
1 Year Manufacturer Warranty for Phone and 6 Months Warranty for In the Box Accessories",4.3
"IQOO Neo 10 (Titanium Chrome, 256 GB)","₹37,150","12 GB RAM | 256 GB ROM
17.22 cm (6.78 inch) Full HD+ E3 Super AMOLED Display
50MP + 50MP + 8MP | 32MP + 32MP Dual Front Camera
7000 mAh Battery
Qualcomm Processor
Domestic warranty 1 year for handset and 6 months for accessories",4.5
"Samsung Galaxy A55 5G (Awesome Iceblue, 256 GB)","₹28,999","8 GB RAM | 256 GB ROM | Expandable Upto 1 TB
16.76 cm (6.6 inch) Full HD+ Display
50MP + 12MP + 5MP | 32MP Front Camera
5000 mAh Battery
Samsung Exynos 1480 Processor
1 Year Manufacturer Warranty for Device and 6 Months for In-Box Accessories",4.4
"REDMI Note-14 Pro+ 5G (Phantom Purple, 512 GB)","₹32,899","12 GB RAM | 512 GB ROM
16.94 cm (6.67 inch) Display
50MP + 50MP + 8MP | 20MP Front Camera
6200 mAh Battery
7s Gen 3 Processor
1 Year Manufacturer Warranty for Phone and 6 Months Warranty for In the Box Accessories",4.5
"REDMI Note 14 Pro+ 5G (Titan Black, 256 GB)","₹29,999","8 GB RAM | 256 GB ROM
16.94 cm (6.67 inch) Display
50MP + 50MP + 8MP | 20MP Front Camera
6200 mAh Battery
7s Gen 3 Processor
1 Year Manufacturer Warranty for Phone and 6 Months Warranty for In the Box Accessories",4.3
"realme 15 Pro 5G (Flowing Silver, 256 GB)","₹35,999","12 GB RAM | 256 GB ROM
17.27 cm (6.8 inch) Display
50MP + 50MP | 50MP Front Camera
7000 mAh Battery
Snapdragon 7 Gen 4 Processor
1 Year Manufacturer Warranty for Device and 6 Months Manufacturer Warranty for Inbox Accessories",4.3
"Google Pixel 8a (Bay, 128 GB)","₹37,999","8 GB RAM | 128 GB ROM
15.49 cm (6.1 inch) Full HD+ Display
64MP + 13MP | 13MP Front Camera
4404 mAh Battery
Tensor G3 Processor
1 Year Domestic Warranty",4.3
"realme 15 Pro 5G (Flowing Silver, 512 GB)","₹38,999","12 GB RAM | 512 GB ROM
17.27 cm (6.8 inch) Display
50MP + 50MP | 50MP Front Camera
7000 mAh Battery
Snapdragon 7 Gen 4 Processor
1 Year Manufacturer Warranty for Device and 6 Months Manufacturer Warranty for Inbox Accessories",4.3
"OPPO Reno14 5G (Mint Green, 256 GB)","₹39,999","12 GB RAM | 256 GB ROM
16.74 cm (6.59 inch) Display
50MP + 8MP + 50MP | 50MP Front Camera
6000 mAh Battery
Dimensity 8350 Processor
1 Year Manufacturer Warranty for Device and 6 Months Manufacturer Warranty for Inbox Accessories",4.5
"REDMI NOTE 14 PRO+ 5G (TITAN BLACK, 512 GB)","₹32,979","12 GB RAM | 512 GB ROM
16.94 cm (6.67 inch) Full HD+ AMOLED Display
50MP Rear Camera
6200 mAh Battery
1 Year Manufacturer Warranty for Phone and 6 Months Warranty for In the Box Accessories",4.4
"REDMI Note 14 Pro+ 5G (Phantom Purple, 512 GB)","₹32,999","12 GB RAM | 512 GB ROM
16.94 cm (6.67 inch) Display
50MP + 50MP + 8MP | 20MP Front Camera
6200 mAh Battery
7s Gen 3 Processor
1 Year Manufacturer Warranty for Phone and 6 Months Warranty for In the Box Accessories",4.4
"Google Pixel 8a (Obsidian, 128 GB)","₹37,999","8 GB RAM | 128 GB ROM
15.49 cm (6.1 inch) Full HD+ Display
64MP + 13MP | 13MP Front Camera
4404 mAh Battery
Tensor G3 Processor
1 Year Domestic Warranty",4.3
"realme 15 Pro 5G (Velvet Green, 256 GB)","₹35,999","12 GB RAM | 256 GB ROM
17.27 cm (6.8 inch) Display
50MP + 50MP | 50MP Front Camera
7000 mAh Battery
Snapdragon 7 Gen 4 Processor
1 Year Manufacturer Warranty for Device and 6 Months Manufacturer Warranty for Inbox Accessories",4.3
"REDMI Note 14 Pro+ 5G (Spectre Blue, 128 GB)","₹27,999","8 GB RAM | 128 GB ROM
16.94 cm (6.67 inch) Display
50MP + 50MP + 8MP | 20MP Front Camera
6200 mAh Battery
7s Gen 3 Processor
1 Year Manufacturer Warranty for Phone and 6 Months Warranty for In the Box Accessories",4.3
"OPPO Reno14 5G (Pearl White, 256 GB)","₹39,999","12 GB RAM | 256 GB ROM
16.74 cm (6.59 inch) Display
50MP + 8MP + 50MP | 50MP Front Camera
6000 mAh Battery
Dimensity 8350 Processor
1 Year Manufacturer Warranty for Device and 6 Months Manufacturer Warranty for Inbox Accessories",4.5
"OPPO Reno14 5G (Pearl White, 256 GB)","₹37,999","8 GB RAM | 256 GB ROM
16.74 cm (6.59 inch) Display
50MP + 8MP + 50MP | 50MP Front Camera
6000 mAh Battery
Dimensity 8350 Processor
1 Year Manufacturer Warranty for Device and 6 Months Manufacturer Warranty for Inbox Accessories",4.4
"OPPO Reno14 5G (Forest Green, 256 GB)","₹39,999","12 GB RAM | 256 GB ROM
16.74 cm (6.59 inch) Display
50MP + 8MP + 50MP | 50MP Front Camera
6000 mAh Battery
Dimensity 8350 Processor
1 Year Manufacturer Warranty for Device and 6 Months Manufacturer Warranty for Inbox Accessories",4.5
,"₹32,899",,4.5
,"₹32,979",,5
,"₹37,999",,5
,"₹29,999",,4.4
,"₹39,999",,5
,,,5
,,,4.4
,,,4
,,,5
,,,4.3
,,,5
,,,5
,,,4.5
,,,5
,,,4
"OnePlus Nord 5 5G (Phantom Grey, 512 GB)","₹37,880","12 GB RAM | 512 GB ROM
17.35 cm (6.83 inch) Display
50MP Rear Camera
6800 mAh Battery
1 Year Warranty",4.6
"Samsung Galaxy S23 FE (Graphite, 128 GB)","₹34,999","8 GB RAM | 128 GB ROM
16.26 cm (6.4 inch) Full HD+ Display
50MP + 12MP | 10MP Front Camera
4500 mAh Battery
Samsung Exynos 2200 Processor
1 Year Manufacturer Warranty for Device and 6 Months for In-Box Accessories",4.4
"REDMI Note-14 Pro 5G (Phantom Purple, 128 GB)","₹23,449","8 GB RAM | 128 GB ROM
16.94 cm (6.67 inch) Display
50MP + 8MP + 2MP | 20MP Front Camera
5500 mAh Battery
Dimensity 7300 Ultra Processor
1 Year Manufacturer Warranty for Phone and 6 Months Warranty for In the Box Accessories",4.3
"REDMI Note 14 Pro 5G (Titan Black, 256 GB)","₹24,999","8 GB RAM | 256 GB ROM
16.94 cm (6.67 inch) Display
50MP + 8MP + 2MP | 20MP Front Camera
5500 mAh Battery
Dimensity 7300 Ultra Processor
1 Year Manufacturer Warranty for Phone and 6 Months Warranty for In the Box Accessories",4.3
"vivo T4 Ultra 5G (Meteor Grey, 256 GB)","₹39,999","12 GB RAM | 256 GB ROM
16.94 cm (6.67 inch) Full HD+ AMOLED Display
50MP + 8MP + 50MP Periscope | 32MP Front Camera
5500 mAh Battery
Dimensity 9300+ Processor
1 Year Warranty on the Product and 6 Months Warranty on Inbox Accessories",4.5
"realme 14 Pro+ 5G (Pearl White, 512 GB)","₹37,999","12 GB RAM | 512 GB ROM
17.35 cm (6.83 inch) Display
50MP + 50MP + 8MP | 32MP Front Camera
6000 mAh Battery
7s Gen 3 Mobile Platform Processor
1 Year Manufacturer Warranty for Device and 6 Months Manufacturer Warranty for Inbox Accessories",4.4
"REDMI Note 14 Pro+ 5G (Titan Black, 128 GB)","₹27,999","8 GB RAM | 128 GB ROM
16.94 cm (6.67 inch) Display
50MP + 50MP + 8MP | 20MP Front Camera
6200 mAh Battery
7s Gen 3 Processor
1 Year Manufacturer Warranty for Phone and 6 Months Warranty for In the Box Accessories",4.3
"REDMI Note 14 Pro 5G (Ivy Green, 128 GB)","₹22,999","8 GB RAM | 128 GB ROM
16.94 cm (6.67 inch) Display
50MP + 8MP + 2MP | 20MP Front Camera
5500 mAh Battery
Dimensity 7300 Ultra Processor
1 Year Manufacturer Warranty for Phone and 6 Months Warranty for In the Box Accessories",4.3
"Samsung Galaxy A36 5G (Awesome Black, 256 GB)","₹36,999","12 GB RAM | 256 GB ROM
17.02 cm (6.7 inch) Full HD+ Display
50MP + 8MP | 12MP Front Camera
5000 mAh Battery
Qualcomm Snapdragon 6 Gen 3 Processor
1 Year Manufacturer Warranty for Device and 6 Months for In-Box Accessories",4.3
"Xiaomi 14 CIVI (Cruise Blue, 256 GB)","₹36,999","8 GB RAM | 256 GB ROM
16.64 cm (6.55 inch) Display
50MP Rear Camera | 32MP + 32MP Dual Front Camera
4700 mAh Battery
8s Gen 3 Mobile Platform Processor
1 Year Manufacturer Warranty for Phone and 6 Months Warranty for In the Box Accessories",4.3
"OPPO K13 Turbo Pro 5G (Purple Phantom, 256 GB)","₹37,999","8 GB RAM | 256 GB ROM
17.27 cm (6.8 inch) Full HD+ Display
50MP + 2MP | 16MP Front Camera
7000 mAh Battery
8s Gen 4 Mobile Platform Processor
1 Year Manufacturer Warranty for Device and 6 Months Manufacturer Warranty for Inbox Accessories",4.7
"OPPO K13 Turbo Pro 5G (Midnight Maverick, 256 GB)","₹39,999","12 GB RAM | 256 GB ROM
17.27 cm (6.8 inch) Full HD+ Display
50MP + 2MP | 16MP Front Camera
7000 mAh Battery
8s Gen 4 Mobile Platform Processor
1 Year Manufacturer Warranty for Device and 6 Months Manufacturer Warranty for Inbox Accessories",4.7
"REDMI Note-14 Pro+ 5G (Phantom Purple, 512 GB)","₹32,899","12 GB RAM | 512 GB ROM
16.94 cm (6.67 inch) Display
50MP + 50MP + 8MP | 20MP Front Camera
6200 mAh Battery
7s Gen 3 Processor
1 Year Manufacturer Warranty for Phone and 6 Months Warranty for In the Box Accessories",4.5
"REDMI Note 14 Pro+ 5G (Titan Black, 256 GB)","₹29,999","8 GB RAM | 256 GB ROM
16.94 cm (6.67 inch) Display
50MP + 50MP + 8MP | 20MP Front Camera
6200 mAh Battery
7s Gen 3 Processor
1 Year Manufacturer Warranty for Phone and 6 Months Warranty for In the Box Accessories",4.3
"OPPO K13 Turbo Pro 5G (Purple Phantom, 256 GB)","₹39,999","12 GB RAM | 256 GB ROM
17.27 cm (6.8 inch) Full HD+ Display
50MP + 2MP | 16MP Front Camera
7000 mAh Battery
8s Gen 4 Mobile Platform Processor
1 Year Manufacturer Warranty for Device and 6 Months Manufacturer Warranty for Inbox Accessories",4.7
"OPPO K13 Turbo Pro 5G (Silver Knight, 256 GB)","₹39,999","12 GB RAM | 256 GB ROM
17.27 cm (6.8 inch) Full HD+ Display
50MP + 2MP | 16MP Front Camera
7000 mAh Battery
8s Gen 4 Mobile Platform Processor
1 Year Manufacturer Warranty for Device and 6 Months Manufacturer Warranty for Inbox Accessories",4.7
"REDMI NOTE 14 PRO+ 5G (TITAN BLACK, 512 GB)","₹32,979","12 GB RAM | 512 GB ROM
16.94 cm (6.67 inch) Full HD+ AMOLED Display
50MP Rear Camera
6200 mAh Battery
1 Year Manufacturer Warranty for Phone and 6 Months Warranty for In the Box Accessories",4.4
"REDMI Note 14 Pro+ 5G (Phantom Purple, 512 GB)","₹32,999","12 GB RAM | 512 GB ROM
16.94 cm (6.67 inch) Display
50MP + 50MP + 8MP | 20MP Front Camera
6200 mAh Battery
7s Gen 3 Processor
1 Year Manufacturer Warranty for Phone and 6 Months Warranty for In the Box Accessories",4.4
"realme 14 Pro+ 5G (Suede Grey, 512 GB)","₹37,999","12 GB RAM | 512 GB ROM
17.35 cm (6.83 inch) Display
50MP + 50MP + 8MP | 32MP Front Camera
6000 mAh Battery
7s Gen 3 Mobile Platform Processor
1 Year Manufacturer Warranty for Device and 6 Months Manufacturer Warranty for Inbox Accessories",4.4
"OPPO K13 Turbo Pro 5G (Midnight Maverick, 256 GB)","₹37,999","8 GB RAM | 256 GB ROM
17.27 cm (6.8 inch) Full HD+ Display
50MP + 2MP | 16MP Front Camera
7000 mAh Battery
8s Gen 4 Mobile Platform Processor
1 Year Manufacturer Warranty for Device and 6 Months Manufacturer Warranty for Inbox Accessories",4.7
"OPPO K13 Turbo Pro 5G (Silver Knight, 256 GB)","₹37,999","8 GB RAM | 256 GB ROM
17.27 cm (6.8 inch) Full HD+ Display
50MP + 2MP | 16MP Front Camera
7000 mAh Battery
8s Gen 4 Mobile Platform Processor
1 Year Manufacturer Warranty for Device and 6 Months Manufacturer Warranty for Inbox Accessories",4.7
"vivo V60 5G (Mist Gray, 128 GB)","₹36,999","8 GB RAM | 128 GB ROM
17.2 cm (6.77 inch) Display
50MP + 8MP + 50MP | 50MP Front Camera
6500 mAh Battery
7 Gen 4 Processor
1 Year Manufacturer Warranty for Device and 6 Months Manufacturer Warranty for Inbox Accessories",4.3
"REDMI Note 14 Pro+ 5G (Spectre Blue, 128 GB)","₹27,999","8 GB RAM | 128 GB ROM
16.94 cm (6.67 inch) Display
50MP + 50MP + 8MP | 20MP Front Camera
6200 mAh Battery
7s Gen 3 Processor
1 Year Manufacturer Warranty for Phone and 6 Months Warranty for In the Box Accessories",4.5
"vivo V50 5G (Starry Night, 512 GB)","₹38,999","12 GB RAM | 512 GB ROM
17.2 cm (6.77 inch) Display
50MP + 50MP | 50MP Front Camera
6000 mAh Battery
7 Gen 3 Processor
1 Year Manufacturer Warranty for Device and 6 Months Warranty for Inbox Accessories",4.3
,"₹36,999",,4
,"₹37,880",,5
,"₹32,899",,4.6
,"₹32,979",,5
,"₹39,999",,4
,,,4.5
,,,5
,,,5
,,,4.4
,,,5
,,,5
,,,4.7
,,,4
,,,4
